id,tweet,text_processed,class
"1,48236E+18",Fabin Sanabria no era el que por lambonearle al presidente Santos en su aspiracin de ser rector de la Nacional maltrat a una mujer dirigente estudiantil,fabin sanabrio lambonearle presidente santo aspiracin ser rector nacional maltrat mujer dirigente estudiantil,2
"1,48236E+18",la dualidad de una mujer de querer coquetearle a todo el mundo y a la vez querer ser fra y reservada,dualidad mujer querer coquetear él mundo vez querer ser fra reservado,2
"1,48236E+18", No precisaron la edad de cuando se hizo cura pero l le dijo a Lola que tuvo varias novias Miranda incluida antes de entrar al seminario. Y Miranda se refiera a ella misma como la ex mujer de l. As que,precisar edad hacer cura l decir lola varios novia mirandar incluido entrar seminario mirando refeír mismo ex mujer l os,2
"1,48236E+18",Esta hija de un montonero y mujer de un camalen peronacho es penosa su gestin https://t.co/l9eqpfT3pb,hija montonero mujer camalar peronacho penoso gestin,2
"1,48236E+18",         Una mujer abierta a comprender y a trabajar por las necesidades de diferentes poblaciones Aydee es un gran valor de liderazgo y confianza. Es importante darle la oportunidad de estar como  presidente nos vamos a sentir protegidos y nuestros derechos sern muy bien defendidos.,mujer abierto comprender trabajar necesidad diferente población aydee gran valor liderazgo confianza importante dar él oportunidad presidente ir sentir protegido derecho sern bien defendido,0
"1,48236E+18", JAJAJA JAJAJA Y EL PRIMER BANDIDO ERES TU TAREK SAAB DAS ASCO COMO FISCAL DE LA REPBLICA Y NO TE PINTES LOS LABIOS SE NOTA TU TENDENCIA GAFO POR ESO TE DEJO TU MUJER Y TUS HIJOS CHOCOLATE SIGUE CON TUS ABURRIDAS POESAS VE PRACTICANDO COMO VOLAR TU FUTURA ESCOBA CHARLATN QUETAL,jajaja jajajar primero bandido tarek saab dos asco fiscal repblico pint labio noto tendencia gafo dejar mujer hijo chocolate seguir aburrido poesa ver practicar volar futuro escoba charlatn quetal,1
"1,48236E+18", Sinceramente no me importa quisiera uno con huevos que haga los cambios necesarios si es varn o mujer es lo de menos...,sinceramente importar querer huevo hacer cambio necesario si varn mujer menos,2
"1,48236E+18",FELIZ CUMPLEAOS A ESTA INCREBLE MUJER TE AMOOOOOOOOOOOOOOOOOOOOOOOOOOOOHAPPY BIRTHDAY JENNIE#OurStarJennieDay#??????_?????? https://t.co/QOv15hGv31,feliz cumpleaos increble mujer amoooooooooooooooooooooooooooohappy bihday jennie ourstarjennieday,0
"1,48236E+18", Me quede loca esa tipa se debe drogar duro. Y que devolvi 6 uber hasta que no llegara un conductor mujer. Porque encima es feminista. Loca es lo que es.,quedar loca tipar deber drogar duro devolvi uber llegar conductor mujer encima feminista locar,1
"1,48236E+18",Buenos das mi reina. Siempre sers nuestra reina recuerda lo importante que es para nosotros siempre te apoyaremos en todo lo que hagas. Porque sabemos lo mucho que eres una guerrera una luchadora una fuerte una madre ejemplar una mujer maravillosaNuestra reina eterna? https://t.co/TcAGuiS3kO,buen dos reina siempre sers reina recordar importante siempre apoyarer hagas  saber guerrero luchadora fuerte madre ejemplar mujer maravillosanuestro reina eterno,0
"1,48236E+18",Cien latigazos a mujer en Indonesia por adulterio 15 para el hombre https://t.co/lgGWSEB6NV,cien latigazo mujer indonesio adulterio hombre,1
"1,48236E+18",Donde esta mujer Poltica presidente del Concejo de Cartagena fuera del Centro Democrtico el titular fuera: Uribista es capturada por Narcotrfico cuando transportaba un cargamento de cocana https://t.co/pkwUUEbmYW,mujer poltico presidente concejo cartagena centro democrtico titular uribista capturado narcotrfico transportar cargamento cocán,2
"1,48236E+18", Amn mujer Dios es maravilloso y bueno con sus hijos ??,amn mujer dios maravilloso bueno hijo,0
"1,48236E+18",??VOLVAN A LA PROVINCIA DESDE SAN LUIS Y PROTAGONIZARON UN TREMENDO VUELCO EN LA RUTA 20 ??Ocurri a la altura del km. 461 en la localidad de Las Casuarinas. En el vehculo iba una mujer con sus dos hijos y otro hombre. Los detalles.https://t.co/MtgUQHh50U,volir provincia san luis protagonizar tremendo vuelco ruto ocurri altura km localidad casuarina vehculo ir mujer dos hijo hombre detalle,2
"1,48236E+18", Buenos das mujer.,buen dos mujer,2
"1,48236E+18",Lleva 10 aos como coach en el bisbol profesional y es la primera instructora femenina a tiempo completo en una organizacin de MLB desde 2019 #15Ene https://t.co/3ocqgDKwjv,llevar aos coach bisbol profesional primero instructora femenino tiempo completo organizacin mlb,2
"1,48236E+18",La detencin fue ejecutada luego de que se difundiera un video en el que Marrn golpea reiteradamente a su esposo mientras este permanece postrado en una cama. Las lesiones las infringe con un palohttps://t.co/B2mEtXXR4R,detencin ejecutado luego difundir video marrn golpear reiteradamente esposo mientras permanecer postrado camo lesión infringe palo,1
"1,48236E+18",Mujer vales ms de lo que imaginas no permitas el maltrato. Llmanos! #Lnea155 #YoTeCuidoMujer https://t.co/y0FrEMkDUz,mujer valer ms imagina permita maltrato llmanos yotecuidomujer,0
"1,48236E+18",??INFRMATE????#DF_352 realiz charla sobre Ley Orgnica sobre el Derecho de la Mujer a una Vida Libre de Violencia al personal militar disponible#15Ene #MaestrosForjadoresDeAmor#FANB #GNB . . https://t.co/qCLiHmxDiy,infrmate realiz char él ley orgnicar derecho mujer vida libre violencia personal militar disponible maestrosforjadoresdeamor fanb gnb,2
"1,48236E+18", Decir que si sobra mujer mamasota bella,decir si sobrar mujer mamasota bello,0
"1,48236E+18", Criticar el cuerpo de una mujer Que es eso Un torneo nuevo de FIFA,criticar cuerpo mujer torneo nuevo fifa,1
"1,48236E+18",Capturan al supuesto homicida  de mujer nica que estaba muerta adentro del bao  https://t.co/X3p9PLN6AL El hombre le pidi prestado 100 dlares a su otra pareja y le dijo que haba hecho algo malo.,capturan supuesto homicida mujer nico muerto adentro bao hombre pidi prestar dlar parejo decir har hecho malo,2
"1,48236E+18",El Ministerio de la Mujer y Poblaciones Vulnerables mencion que en el Per la pandemia por covid-19 ha dejado hurfanos a cerca de 100000 nias y nios. https://t.co/eYxBFaecsI,ministerio mujer población vulnerable mencion per pandemia dejado hurfano cerca nia nio,2
"1,48236E+18",   Yo respeto lo que se sienta!!! Quiere ser mujer que sea!! Jajaja peds respeto y me lo faltas a mi Cul es tu lgica Vos cmprate una vida yo elijo decirle hombre porque naci hombre y respeto que se sienta mujer .,respeto sentar querer ser mujer jajaja peds respetar falto cul lgico vo cmprate vida elijo decir él hombre naci hombre respetar sentar mujer,0
"1,48236E+18", Solo veo a una mujer violentada.,solo ver mujer violentado,2
"1,48236E+18",  Quizs y solo quizs me lo dijo porque para entender a una mujer es tan o mas difcil que entender un libro de fsica cuntica escrito en hebreo antiguo ??,quizs solo quizs decir entender mujer tanto mas difcil entender libro fsico cuntico escrito hebreo antiguo,2
"1,48236E+18", Saludos Marielita Mujer Hermosa Mujer Virtuosa Eres TU mi viejita Dios te bendiga siempre grande y Poderosamente.,saludo marielitar mujer hermoso mujer virtuoso viejita dios bendigar siempre grande poderosamente,0
"1,48236E+18", Admiro tu belleza pues cada vez que te veo pienso que estoy soando tu rostro tus ojos  son una invitacin al paraso. Puedo mirarte una y otra vez y nunca me aburrir porque eres la perfeccin hecha mujer. Feliz sbado.,admirar belleza pues cada vez ver pensar soar rostro ojo invitacin paraso poder mirarte vez nunca aburrir perfein hecho mujer feliz sbado,0
"1,48236E+18",odio ser mujer en verano,odiar ser mujer verano,1
"1,48236E+18", No tenemos derecho de traer con nosotros una hermana por mujer como tambin los otros apstoles y los hermanos del Seor y Cefas1 Corintios 9:5,derecho traer hermana mujer tambin apstol hermano seor corintio,2
"1,48236E+18",Sabe como tratar a una mujer pero no sabe complacerla.,saber tratar mujer saber complacer él,2
"1,48236E+18",Hombre con hombre mujer con mujer y en el sentido contrario. https://t.co/qM65pNUcPn,hombre hombre mujer mujer contrario,2
"1,48236E+18", Una mujer tampoco,mujer tampoco,2
"1,48236E+18","""""""No se si poner la segunda temporada de Emily in Paris porque Ringarde (basic bitch morrita bsica ??) o Caf con aroma de mujer porque seora y por """"""""la trama"""""""" #tweetqueanadieleimporta""""""",si poner segundo temporada emily in paris ringarde basic bitch morritar bsico caf aromo mujer seoro tramar tweetqueanadieleimporto,1
"1,48236E+18", Dicen q el coleo es el deporte nacional pero porque no se colean entre humanos sera mucho mejor y as sentiran lo mismo q siente esos pobres animales El nico ANIMAL en esta tierra es el Hombre llamese mujer u hombre ????,decir q coleo deporte nacional colear humanos sero mejor as sentiran mismo q pobre animal nico animal tierra hombre llamese mujer u hombre,2
"1,48236E+18",Como que William Levy no es el guapo indicado para Cafe con aroma de mujer,william levy guapo indicado cafe aromo mujer,2
"1,48236E+18",mi abuela es mi pilar en todo pedazo de mujer??,abuela pilar pedazo mujer,0
"1,48236E+18", Y ya diste positivo en ser m mujer,diste positivo ser m mujer,2
"1,48236E+18", Me parece muy raro que una mujer con esquema de seguridad que le garantiza que solo la pueden bajar del carro en una estacin de polica cargue 1 kilo de coca armas y efectivo en el carro de campaa. Hay que ver con quines se pele la seora para ver de quin es la merca.,parecer raro mujer esquema seguridad garantizar solo poder bajar carro estacin polico cargar kilo cocar arma efectivo carro campaa ver quín pele seoro ver quin merca,2
"1,48236E+18", Una estatua para esta mujer inteligente ??????,estatuo mujer inteligente,0
"1,48236E+18",Lo bueno de la mujer es que hace el duele durante la relacin...Despus no hay despus! Todo termina..,bueno mujer hacer doler relacindespus despus terminar,2
"1,48236E+18",#Mundo | Una mujer y un nio heridos dej ataque con cohetes cerca de embajada de EEUU en Irak  ? https://t.co/vIg3TGsMSy,mundo mujer nio herido dej ataque cohet cerca embajado eeuu irak,2
"1,48236E+18", Ricura de mujer ??????,ricurar mujer,0
"1,48236E+18", Esa es una de las razones que la convirti en una mujer tan linda guapa y cariosa el ejemplo de abuela incluye amor comprensin cario respeto nutricin entretenimiento y muchas cosas que la han convertido en una persona feliz. ??,razón convirti mujer tanto lindo guapo cariós ejemplo abuela incluir amor comprensin cario respetar nutricin entretenimiento mucho cosa convertido persona feliz,0
"1,48236E+18",Un grandioso cumpleaos para la nica mujer que nos da ms de 40 fotos en menos de 5 minutos. ??????HAPPY BIRTHDAY JENNIE #OurStarJennieDay   #??????_?????? https://t.co/JFMjiJ7Vq8,grandioso cumpleaos nico mujer dar ms foto menos minuto happy bihday jennie ourstarjennieday,0
"1,48236E+18",la calle est llena de mongolicos como el que no tienen cojones para amar a su mujer,calle est lleno mongolico cojón amar mujer,1
"1,48236E+18","""""""Sophie comenz a enviarle cartas a Carl Friedrich Gauss pero firmaba sus cartas con el nombre """"""""M. Leblanc"""""""" (ella tema que si Gauss saba que era mujer no iba a ser tomada en serio) Germain le comparti su desarrollo del teorema...?? https://t.co/6AYU7ngkZf""""""",sophie comenz enviar él carta carl friedrich gauss firmar carta nombre m leblanc tema si gauss sar mujer ir ser tomar serio germain comparti desarrollo teorema,2
"1,48236E+18",Sophie Germain una mujer que incursion en la teora de nmeros autodidacta fascinada con los trabajos de Arqumedes privada de poder estudiar porque a las mujeres no se les permita hacerlo refugiada en la biblioteca de su padre.....?? https://t.co/Xj0wo5iMiS,sophie germain mujer incursion teora nmero autodidacta fascinado trabajo arqumedes privado poder estudiar mujer permitir hacer él refugiado biblioteca padre,2
"1,48236E+18", #NiUnaMas cmo mujeres pueden tener de parejas a exconvictos o convictos en Colombia una mujer fue asesinada en el centro comercial Santafe por un convicto que era la pareja alguien sabe qu pas con ese caso,niunama cmo mujer poder tener pareja exconvicto convicto colombio mujer asesinado centro comercial santafe convicto parejo alguien saber qu pas caso,1
"1,48236E+18",  Solo falt Quintero y la mujer...que peligro este combo junto.,solo falt quintero mujerque peligro combo junto,1
"1,48236E+18",  Que antes una mujer estaba con un solo hombre y con l noms se quedaba. Ahora si no pasa nadalo bota y que venga otro.,mujer solo hombre l noms quedar ahora si pasar nadalo bota venir,2
"1,48236E+18",??INFRMATE????#DF_352 realiz charla sobre Ley Orgnica sobre el Derecho de la Mujer a una Vida Libre de Violencia al personal militar disponible#15Ene #MaestrosForjadoresDeAmor#FANB #GNB . . https://t.co/Nf1224WH3N,infrmate realiz char él ley orgnicar derecho mujer vida libre violencia personal militar disponible maestrosforjadoresdeamor fanb gnb,0
"1,48236E+18", Se conjusgan muchas cosas a la hora de evaluar a una mujer  para minlonmas importante pudiera ser lo proactivo y la ganas de avanzar  progresar como persona,conjusguir mucho cosa hora evaluar mujer minlonma importante poder ser proactivo gana avanzar progresar persona,2
"1,48236E+18", Llam 1989 que si por favor le devuelve el trmino.,llam si favor devolver trmino,2
"1,48236E+18",??INFRMATE????#DF_352 realiz charla sobre Ley Orgnica sobre el Derecho de la Mujer a una Vida Libre de Violencia al personal militar disponible#15Ene #MaestrosForjadoresDeAmor#FANB #GNB . . https://t.co/hjKhs1qX8t,infrmate realiz char él ley orgnicar derecho mujer vida libre violencia personal militar disponible maestrosforjadoresdeamor fanb gnb,0
"1,48236E+18",Va:                                                                                                  Hemos encontrado en Lidl la mejor solucin para hacer ms f...  https://t.co/FwEkYux0Tv,ir encontrar lidl mejor solucin hacer ms f,2
"1,48236E+18",#Internacionales | Matan a una osa negra que atac e hiri a una mujer en Florida #elsiglocomve?? https://t.co/0jYhm4I0UQ https://t.co/CgsLCZmbko,internacional matar ós negra atac hiri mujer florido elsiglocomve,2
"1,48236E+18", Estamos hartos de ella y de su asombrosa capacidad xra salirse x la tangente de hacerse la vctima y de sus demandas por persecucin Esa mujer hace rato debera estar en una crcel de mxima seguridad es un peligro para la democracia con razn hace parte del Pacto Histrico,harto asombroso capacidad xra salir él x tangente hacer él vctima demanda persecucin mujer hacer rato debera crcel mximo seguridad peligro democracia razn hacer parte pacto histrico,1
"1,48236E+18",   Quien Florencia En hombre un cambio de DNI no te convierte en mujer!!! Que se sienta mujer es otra cosa el sexo de las personas no se elige pods elegir que comer a dnde bailar a dnde trabajar pero naces con pito o vagina.,florencia hombre cambio dni convertir mujer sentar mujer cós sexo persona elegir pods elegir comer dnde bailar dndir trabajar naces pito vagín,1
"1,48236E+18", Hermosa mujer ??,hermoso mujer,0
"1,48236E+18",Con 20 aos viaj a los Juegos Olmpicos Berln 1936 en barco junto a 50 varones.La primera vez que una mujer representaba al pas en la mayor justa deportiva! ?? https://t.co/YmDlyd5ZtO,aos viaj juegos olmpico berln barco junto varonesla primero vez mujer representar pa mayor justa deportivo,0
"1,48236E+18",""""""" De verdad que esa concepcin de """"""""ya eres mujer"""""""" porque sangras porque puedes concebir porque esto y lo otro me la paso por el ??""""""",verdad concepcin mujer sangra poder concebir paso,2
"1,48236E+18",LA PRIMERA ???? EN PARTICIPAR EN UN JUEGO OLMPICO Y GANAR UNA MEDALLA ?? Hoy se cumplen 19 aos del fallecimiento de Jeanette Campbell.?? Una mujer que hizo historia grande en la natacin y el deporte de Argentina.?? #HiloDEPORTV ?? https://t.co/IRKeStlEDd,primero paicipar juego olmpico ganar medalla hoy cumplir aos fallecimiento jeanette campbell mujer hacer historia grande natacin deporte argentina hilodepov,0
"1,48236E+18",??INFRMATE????#DF_352 realiz charla sobre Ley Orgnica sobre el Derecho de la Mujer a una Vida Libre de Violencia al personal militar disponible#15Ene #MaestrosForjadoresDeAmor#FANB #GNB . . https://t.co/ZBK5vOKHXb,infrmate realiz char él ley orgnicar derecho mujer vida libre violencia personal militar disponible maestrosforjadoresdeamor fanb gnb,0
"1,48236E+18",Afuera del hospital Kaelin de  han atropellado a una mujer y se niegan a darle atencin. Los de seguridad dicen que llamen a los bomberos es el colmo. Literalmente est tumbada al frente del hospital. https://t.co/TM2ntZk11G,afuera hospital kaelin atropellado mujer negar dar él atencin seguridad decir llamar bombero colmo literalmente est tumbado frente hospital,2
"1,48236E+18", Esa es la actitud ??viva la mujer Venezolana. https://t.co/ur7WowL6ob,actitud vivo mujer venezolano,0
"1,48236E+18",La mujer ms bella de este mundo es mi novia ???????? definitivamente?? indiscutible este asunto. https://t.co/I1EemHkyh2,mujer ms bella mundo novia definitivamente indiscutible asunto,0
"1,48236E+18",   Vivir en un barrio popular ya que vives en boca grande donde estn los RICACHONES yo nunca eh matado nunca eh estado preso y mi ex pareja ombeee ojal nunca esa mujer se entere que ests diciendo que yo le pegaba porque ella si te puede pegar aty???????,vivir barrio popular viv boca grande estn ricachón nunca eh matado nunca eh preso ex pareja ombeee ojal nunca mujer enterar ests decir pegar si poder pegar aty,2
"1,48236E+18", Karina es un gran testimonio de que toda vida vale y que nadie eligi cmo ser concebido por lo tanto asesinar a un hijo x quien es su padre es deplorable como sociedad.Gracias  x ser una mujer que defiende la vida de la mujer y el hombre que est x nacer #AbortoNO,karina gran testimonio todo vida valer nadie eligi cmo ser concebir asesinar hijo x padre deplorable sociedadgracia x ser mujer defender vida mujer hombre est x nacer abortono,2
"1,48236E+18", La mujer antes debe mantener al dejar 30 cms. Todo mal,mujer deber mantener dejar cm mal,2
"1,48236E+18",Ayer v a Kimberly Reyes y Diossssss que mujer tan bella en esta vida??,ayer v kimberly reyes diossssss mujer tanto bello vida,0
"1,48236E+18", Pobre mujer se ve que est chorreada ( sonrisa nerviosa),pobre mujer ver est chorreado sonrisa nervioso,1
"1,48236E+18",     Esa es una mujer decidida! Buen texto Gabriela. Muchas gracias.??????,mujer decidido buen texto gabrielar mucho gracia,0
"1,48236E+18", Tenemos la certeza que Ud como primera dama estar al frente de una poltica que le d a la mujer cabeza de hogar el status social y econmico que merecen en un pas donde son mayora entre las mujeres.,certeza ud primero dama frente poltico d mujer cabeza hogar status social econmico merecer pas mayorar mujer,0
"1,48236E+18",la mujer ma un da de estos me va a venir matando no es broma https://t.co/7coEFoBpMa,mujer mo dar ir venir matar broma,1
"1,48236E+18", Las declaro mujer y cabra-,declarar mujer,2
"1,48236E+18",  ngela Ponce no es mujer miss Espaa..,ngelar ponce mujer miss espao,2
"1,48236E+18",Es una mujer o soy Yo pero no atrasare mi crecimiento por estar con varias mujeres.Mi energa es poderosa y no la merece cualquiera sencillo.???,mujer atrasare crecimiento varios mujeresmi energa poderoso merecer cualquiera sencillo,2
"1,48236E+18",#EsTendencia|  Se trata de la historia de Mara Jos Pereira quien en un hilo en Twitter relat cmo una desconocida la salv del maltrato de su novio.https://t.co/RFTHXS7rgT,estendencia tratar historia mar jos pereirar hilo twitter relat cmo desconocido salv maltrato novio,2
"1,48236E+18",Amo que mi prima sea contadora ta que me soluciona la bida esa mujer ??,amar prima contadorar ta solucionar bido mujer,0
"1,48236E+18",No soy mujer de odios... Pero esos HDP que inventaron el virus y lo propagaron por el planeta son una plaga... Y sabe cmo se elimina una plaga Fumigndolos!!! As que... ?????? con ellos. https://t.co/IKCOnE3vDf,mujer odio hdp inventar virus propagar planeta plaga saber cmo elimín plagar fumigndo él os,1
"1,48236E+18",  Buenos Aires fue refundada un 11 de junio de 1580 por Juan de Garay 66 nativos del Paraguay entre ellos una mujer Ana Daz y 1500 indios guaranes.Juan de Garay era Espaol la capital de Argentina lo fundaron entre Paraguayos y un criollo. ),buen aire refundado junio juan garay nativo paraguay mujer ana daz indio guaranesjuan garay espaol capital argentino fundar paraguayo criollo,2
"1,48236E+18", Depende si eres hombre o mujer,depender si hombre mujer,2
"1,48236E+18",Tanto como la mujer ve si tiene dinero u otra cosa del hombre  el hombre ve si esa mujer tiene futuro o solo prdida de tiempo???,mujer ver si dinero u cosa hombre hombre ver si mujer futuro solo prdido tiempo,1
"1,48236E+18",#Argentina Femicidio en Santiago del Estero: una mujer fue asesinada por su expareja en la vereda de su casa https://t.co/qhXtAiiWCQ https://t.co/IcTY1l2qt2,argentina femicidio santiago estero mujer asesinado exparejo veredo casa,2
"1,48236E+18", Pues que es un Arma de doble filo. Para nadie es un secreto que es Una mujer Falsa Oportunista y calculadora que obra de acuerdo a sus intereses personales.,pues arma doble filo nadie secreto mujer falso oportunista calculadoro obro acuerdo interés personal,1
"1,48236E+18","""""""   Lo lamentable es que esos nios tengan que """"""""calarse"""""""" a una mujer como t.""""""",lamentable nio calar él mujer t,2
"1,48236E+18",Que mujer por Dios ????,mujer dio,0
"1,48236E+18",Hoy amanec pensando en ti Bella reina la mujer ms hermosa que se ve.Nada es ms hermoso que tus ojos ni el brillo de las estrellas ni el azul del mar... ?? https://t.co/aco1bh2MAG,hoy amanec pensar bello reina mujer ms hermoso venar ms hermoso ojo brillo estrellas azul mar,0
"1,48236E+18","""""""Como dijo el gran filosofo Diomedes Diaz: """"""""Una mujer resentida si usted se descuida vivo se lo come"""""""".""""""",decir gran filosofo diomed diaz mujer resentido si usted descuidar vivo come,1
"1,48236E+18",#Oruro Tras presentar sntomas la mujer recibi atencin mdica y se someti a exmenes para descartar complicaciones. https://t.co/DilZQj9STa a travs de ,oruro tras presentar sntoma mujer recibi atencin mdico someti exmén descartar complicación travs,2
"1,48236E+18",   Mujer ms perversa que esta  no hay en su parido.Que dir Carmen Fre!!!,mujer ms perversa paridoque dir carmen fre,1
"1,48236E+18", Dnde ves las crticas No veo nunguna no entiendo tu posteo ni la necesidad de la comparacin. Andrea es una mujer HERMOSA que ha conseguido un logro inmenso que todo el mundo est aplaudiendo.,dndir ves crtica ver nunguna entiendo posteo necesidad comparacin andreo mujer hermoso conseguir logro inmenso mundo est aplaudir,2
"1,48236E+18",Delincuentes armados atacaron a una mujer que estaba paseando a su mascota el robo de su celular sucedi ayer 14 de enero en el cruce de las av. Atahualpa y Junn en La Perla-Callao a las 12pm.#LoUltimo #Callao https://t.co/kcavBNwBdS,delincuente armado atacar mujer pasear mascota robo celular sucedi ayer enero cruce av atahualpa junn loultimo callao,2
"1,48236E+18",mara no te me mueras mujer volv a tu casa,mara mueras mujer volv casa,2
"1,48236E+18",Los fans de Chvez quieren besitos no preguntas. No les gusta que una mujer lo ponga en su lugar como antes tampoco les gust que hicieran lo propio con el tico Alpzar.,fans chvez querer besito pregunta gustar mujer poner lugar tampoco gust hacer propio tico alpzar,2
"1,48236E+18",Que mujer que AMO  (ig). No deja mueco con cabeza te descoloca por todos lados y te hace pensar y repensar absolutamente todo. La admiro demasiado gracias x existir compartir y ensear tanto AAAAAA ,mujer amar ig dejar mueco cabeza descolocar lado hacer pensar repensar absolutamente admirar demasiado gracias x existir compartir ensear aaaaaa,2
"1,48236E+18",hace demasiado calor y esta como para una pool party escuchando Mujer y Olvidarte https://t.co/7Vq4n2k1cJ,hacer demasiado calor pool party escuchar mujer olvidar tú,2
"1,48236E+18",El colmo de la mujer independiente empoderada fuerte potra apotesica... Es ser consentida ?? perdn amigas le falle a mis ancestras.,colmo mujer independiente empoderado fuerte potra apotesico ser consentir perdn amigo fallir ancestra,0
"1,48236E+18",Amo a esta mujer https://t.co/srBODKXX9x,amar mujer,0
"1,48236E+18",  Feliz cumpleaos capricorniana preciosa mujer valiente y decidida!!! Te quiero muchsimo Pattyto!!!,feliz cumpleaos capricornián precioso mujer valiente decidido querer muchsimo pattyto,0
"1,48236E+18",  Bella mujer,bello mujer,0
"1,48236E+18",Como mujer no permito que venga una persona a quererme utilizar para lograr subir y controlar temas detras mio. Eso es denigrante te hace una persona servil  una persona no confiable y capaz de actos de corrupcion. Siento pena ajena por muchas en esa situacion,mujer permito venir persona quererme utilizar lograr subir controlar tema detra mio denigrante hacer persona servil persona confiable capaz acto corrupcion sentir pena ajeno mucho situacion,2
"1,48236E+18", Amo una mujer madura por esta muchas cosas mas hermosas,amar mujer madura mucho cosa mas hermosa,0
"1,48236E+18",Queda mucho por avanzar en la eliminacin de las discriminaciones contra la mujer https://t.co/TQqpaSdqwG  Sociedades gastronmicas cofradas y otras asociaciones del mbito religioso contemplan su exclusin y son varias las sentencias que avalan esta discriminacin,quedar avanzar eliminacin discriminación mujer sociedad gastronmica cofrada asociación mbito religioso contemplar exclusin varios sentencia avalar discriminacin,0
"1,48236E+18",   O sea que simplemente es decisin de cada mujer tener un hijo o no.,simplemente decisin cada mujer tener hijo,2
"1,48236E+18",Solamente una mujer que haya dado a luz sin anestesia podr comprender el dolor que padece un hombre con gripe.,solamente mujer dado luz anestesio podr comprender dolor padecer hombre gripe,2
"1,48236E+18", No estoy con usted pero en este asunto muches opinamos igual. Y qu bien que lo diga una mujer involucrada en poltica para que no quepa duda de que no se trata de violencia poltica y que los cuestionamientos a  no son por ser mujer.,usted asunto muches opinamos igual qu  bien decir mujer involucrado poltico quepo dudar tratar violencia poltico cuestionamiento ser mujer,0
"1,48236E+18",""""""" Traduccin: Las feminazis quieren ms plata para """"""""ayudar a las desaparecidas"""""""". Al final para buscarse empleo en el ministerio de la mujer.""""""",traduin feminazi querer ms plata ayudar desaparecido final buscar él empleo ministerio mujer,1
"1,48236E+18", nimo mujer!!! ?????????,nimo mujer,0
"1,48236E+18",Qu de raro tiene que me est muriendo por una mujer,qu rarir est morir mujer,2
"1,48236E+18",Me desespera la protagonista de caf con aroma de mujer ????,desespera protagonista caf aromo mujer,2
"1,48236E+18",   Es un pensamiento muy bsico el varn se adapta fcilmente a los gustos femeninos y mas si tienen veleidades machistas. No olviden que fueron formados por una mujer y siguen educados por otra mujer (novia o esposa todo depende de la personalidad expuesta),pensamiento bsico varn adapto fcilmente gusto femenino mas si veleidad machista olvidir formado mujer seguir educado mujer novio espós depender personalidad expuesto,2
"1,48236E+18", Despus que no ande llorando que cosifican a la mujer que mi cuerpa mi decisin y que a la mujer se la respeta pq no es congruente con su actuar (como siempre).,despus andir llorar cosificar mujer cuerpa decisin mujer respetar pq congruente actuar siempre,1
"1,48236E+18",    Soy mujer soy feminista soy madre cabeza de familia creo y voto por el cambio que va a beneficiar a muchas mujeres menos a las que solo tienen hambre de poder. #PetroPresidente2022,mujer feminista madre cabeza familia creer voto cambio ir beneficiar mucho mujer menos solo hambre poder,2
"1,48236E+18",    Ya nomas se te bajan a tu mujer por estar pendiente de los correistas. Cachudo hpta,noma bajar mujer pendiente correistas cachudo hpta,1
"1,48236E+18",Ninguna mujer tiene dueo,ninguno mujer dueo,2
"1,48236E+18", de pana es una mujer valiente y con mucha fuerza.No la podrn sobornar.#NoHayPruebasContraAlexSaab https://t.co/qKTeBQ4qod,pán mujer valiente mucho fuerzano podrn sobornar nohaypruebascontraalexsaab,0
"1,48236E+18",Registramos el fallecimiento de una mujer de 65 aos.,registramo fallecimiento mujer aos,2
"1,48236E+18",#RCNRadio | Un hombre de 33 aos fue capturado por la  como presunto sospecho de haber asesinado a una mujer en la Carrera 22 con Calle 39 de la ciudad y luego haber arrojado el cuerpo a la calle en una maleta en un hecho que ha conmocionado a la ciudadana. https://t.co/ezlDHR1tBJ,rcnradio hombre aos capturado presunto sospechar haber asesinar mujer carrera calle ciudad luego haber arrojar cuerpo calle maleto hecho conmocionado ciudadano,2
"1,48236E+18",Cruel pero estoy de acuerdoesos vagos se merecen que despus los propios vagos del ftbol le duerman la mujer. Y las minas no se si sienten mucho amor o estn muy alpedo y su vida es un bajnque van a verlos jugar. https://t.co/W5e8DIO7L7,cruel acuerdoeso vago merecer despu propio vago ftbol duermar mujer mina si sentir amor estn alpedo vida bajnque ir ver él jugar,2
"1,48236E+18", Hermosa mujer ????????????,hermoso mujer,0
"1,48236E+18",LO QUE BAILA ESTA MUJER POR FAVOR https://t.co/slJF9rTwfY,bailar mujer favor,0
"1,48236E+18",  Es un mujer siniestra su nariz es tan pequea que no puede ocultar la crueldad de su boca y de sus actos.,mujer siniestrar nariz tanto pequea poder ocultar crueldad boca acto,1
"1,48236E+18",   Amigo o amiga disclpame no s si sos hombre o mujer o trans si tenes algn amigo en aeropuerto decile si puede conseguirte los planes de vuelo de las avionetas del hangar y ah se te explica todo si queres opinar x opinar se respeta pero sera bueno que sea con argumentos.,amigo amiga disclpame s si sos hombre mujer trans si tén algn amigo aeropuerto decile si poder conseguirte plan vuelo avioneta hangar ah explicar si queres  opinar x opinar respeta sero bueno argumento,2
"1,48236E+18", sos andres version mujer hermana,sos andr version mujer hermán,2
"1,48236E+18", Por dios que mujer ??????,dio mujer,0
"1,48236E+18",QUE SEAS MUY FELIZ Y SI REALMENTE NO ERA YO LA MUJER PARA TU VIDA QUE ALGUNA TE AME CON TODO SU SER.,feliz si realmente mujer vido alguno ame ser,2
"1,48236E+18", Jajajaja est Excelente ese Mensaje y la estrategia de composicin.,jajajajar est excelente mensaje estrategio composicin,2
"1,48236E+18", Que impotencia mujer ??,impotencia mujer,1
"1,48235E+18",  El pajizo quiere esto..buscate una mujer!! La actriz xon traje o no lo hare genial https://t.co/JQCjv51Orc,pajizo querer estobuscate mujer actriz xon traje hare genial,1
"1,48235E+18",Que MUJER el show que se mando  https://t.co/Tb8b7hEme9,mujer show mando,0
"1,48235E+18",#Crmenes | Sin razn aparente: Mujer ebria atac a un hombre con un cuchillo en Tchira   ?? https://t.co/OaTV2L917d,crmén razn aparente mujer ebrio atac hombre cuchillo tchirar,2
"1,48235E+18", un encaje fuxia o rojo se ve  brutal en cualquier mujer????,encaje fuxia rojo ver brutal cualquiera mujer,0
"1,48235E+18",Mujer recibe llamada de falso trabajador de banco y le roban S/7.800 que fueron gastados en casa de apuestas https://t.co/1VnEQnesoT,mujer recibir llamado falso trabajador banco robar gastado casa apuesto,2
"1,48235E+18",  Esa cancin se refiere a una mujer tambin,cancin referir mujer tambin,2
"1,48235E+18", que ridculo!... por que no va a mar del plata a caminar de la mano con la mujer sin custodio a ver como le va!!!,ridculo ir mar platar caminar mano mujer custodio ver ir,2
"1,48235E+18",  Belleza de mujer,belleza mujer,0
"1,48235E+18",Mujer un milln y medio:Yo??????????????? https://t.co/jrggTuIVbH,mujer milln medio,2
"1,48235E+18",Porai dicen... No lo digo yo porq no tengo??????La mujer q ronca es aquella q encontr la forma de seguir jodiendo al marido hasta durmiendo ????????????????????????????????Ahorita ms de una va a decir q  no roncan que son cantos de sirenas ????????serenatas ????,porai decir decir porq tengolo mujer q roncar aquel q encontr forma seguir jodeir marido dormir ahorita ms va decir q roncar canto sirena serenata,1
"1,48235E+18",espero que en esta semana los hombres hayan tenido el reparo de no hablarle y ni si quiera mirar a una mujer por el simple hecho de que ella podra estar pasando lo peor: menstruar con 41 grados,esperar semana hombre reparar hablar él si querer mirar mujer simple hecho podra pasar peor menstruar grado,2
"1,48235E+18", Que mujer tan bella e interesante eres@,mujer tanto bello interesante,0
"1,48235E+18",Una gran prueba de lo que es esta mujer. Una oportunista sin conviciones. Los oportunistas como ella analizan y opinan sobre  la coyuntura no salen de eso. El problema argentino es el Estado y el pesimo modelo de pais que impera desde hace decadas. https://t.co/L5MX700Umv,gran prueba mujer oportunista convición oportunista analizar opinar coyuntura salir problema argentino pesimo modelo pais impera hacer decada,1
"1,48235E+18", Demasiado panfila esa mujer me provoca meterle un lepe cada vez que acta por impulso,demasiado panfilo mujer provocar meter él lepe cada vez acto impulso,1
"1,48235E+18", Hermosa y valiente mujer,hermoso valiente mujer,0
"1,48235E+18","""""""""""""""Ninguna mujer que sufri ABUSO INFANTIL o cualquier tipo de Abuso se busc ser abusada. No somos culpables de la VENTE ENFERMA MENTAL! https://t.co/SQXNplfZQV""""""",ninguno mujer sufri abuso infantil cualquiera tipo abuso busc ser abusar culpable vente enferma mental,2
"1,48235E+18",En Colombia todas las mujeres son muy muy muy bonitas y los hombres somos muy muy muy malucos pero a pesar de eso para la mujer colombiana es sper difcil conseguir pareja comparado con los hombres. Misteriosos son los caminos del Seor**fuente: Eclesiasts 11:5,colombiir todo mujer bonito hombre maluco pesar mujer colombiano sper difcil conseguir pareja comparado hombre misterioso camino seor fuente eclesiasts,0
"1,48235E+18",En trminos generales me gust Caf con Aroma de Mujer no puedo comparar porque no v la anterior de William Levi precioso pero muy Ral Amundaray para m gusto ni en las peores situaciones se le cay el copete y siempre en traje as sea preso ??????,trmino general gust caf aromo mujer poder comparar v anterior william levi precioso ral amundaray m gusto peor situación cay copetir siempre traje os preso,2
"1,48235E+18",Soy el ms feliz con la mujer que tengo a m lado??,ms feliz mujer m lado,0
"1,48235E+18", est mujer es espectacular ?? y ni hablar de lo profesional. ?????? https://t.co/3Lhk7oIG3U,est mujer espectacular hablar profesional,0
"1,48235E+18",  Esta mujer  solo quiere protagonismo desde que su pedido de vacancia qued en RIDCULO.Tremenda joyita la chalaca  que ni el poto es suyo...,mujer solo querer protagonismo pedido vacancia qued ridculotremenda joyito chalaco poto,1
"1,48235E+18",  Jajaajjaajajaj mco ser mujer no ta fcil te imaginas se me caiga una pestaa o una extensin en pleno jamaqueo Jajajjajaajja una sufre!,jajaajjaajajaj mco ser mujer ta fcil imagina caiga pestaa extensin pleno jamaqueo jajajjajaajja sufrir,2
"1,48235E+18",Empresario de 67 conoci a una mujer por internet viaj a frica para verla y lo secuestraron https://t.co/fE17C9nPUB,empresario conoci mujer internet viaj frico ver él secuestrar,2
"1,48235E+18", Me encanta Julieta Ortega mujer profunda inteligente. La morocha argentina.,encanto julieta ortegar mujer profundo inteligente morocha argentino,0
"1,48235E+18",En realidad cualquier persona puede causar daos emocionales y psicolgicos a otra sin importar si es hombre o mujer pero bueno decirlo as vende ms. https://t.co/IX4EpO02ws,realidad cualquiera persona poder causar dao emocional psicolgico importar si hombre mujer bueno decir él os vender ms,2
"1,48235E+18",    La mujer por supuesto merece respeto y el reconocimiento de sus espacios para su desarrollo personal y profesional en condiciones dignas. Pero este es un pas diverso y para la presidencia se requieren TODOS esos votos. Un purismo intelectual no es una ayuda en ese sentido.,mujer supuesto merecer respeto reconocimiento espacio desarrollo personal profesional condición digno pas diverso presidencia requerir voto purismo intelectual ayuda,0
"1,48235E+18",Hallan cuerpo de una mujer asesinada en Bucaramanga dentro de una maleta en medio de la basura. El presunto responsable del crimen fue capturado ? https://t.co/FlGMmgfIeC #VocesySonidos https://t.co/NN3HcJ4qyb,hallar cuerpo mujer asesinado bucaramango dentro maleta medio basura presunto responsable crimar capturado vocesysonido,2
"1,48235E+18", Y solo voy a ir Mujer sers vos ????,solo ir ir mujer ser vo,2
"1,48235E+18",    Terrible actuacin de esa mujer. Me gustara saber porqu actu as,terrible actuacin mujer gustara saber porqu actu os,1
"1,48235E+18","""""""""""""""Un rgimen marxista-leninista que mejor me ha tratado como sacerdote se viva un ideal de lago que ha desaparecido era el hombre nuevo y la mujer nueva"""""""" Pai Oliva""""""",rgimen mejor tratado sacerdote vivo ideal lago desaparecido hombre nuevo mujer nuevo pai olivo,2
"1,48235E+18",???? #ExitosaPer????????La representante de los derechos de la mujer de la Defensora del Pueblo Patricia Sarmiento seal que 5 mil 904 casos de mujeres nias y adolescentes han sido reportadas como desaparecidas en el 2021.Video completo aqu: https://t.co/NEI2iL5Lee https://t.co/qpNzXtXBp2,exitosaper él representante derecho mujer defensor pueblo patricia sarmiento seal mil caso mujer nia adolescente ser reportar desaparecido completo aqu,2
"1,48235E+18", Debe ser una pelcula de accin pues  segn Berni cada da hay ms seguridad en la provincia la delincuencia est bajando cada da q pasa Vi la nota al Sr y me puse a llorar hay q ser muy HDP  para gatiyar en el vientre de una mujer embarazada Berni sos una mierda,deber ser pelcula ain pues segn berni cada dar ms seguridad provincia delincuencia est bajar cada da q pasar vi nota sr posar llorar q ser hdp gatiyar vientre mujer embarazado berni so mierda,1
"1,48235E+18", Anda solo pue! Se una mujer independiente ??,andar solo pue mujer independiente,0
"1,48235E+18",          Celebro que sea mujer. Por eso AMO A CATALUA!,celebro mujer amar cataluar,0
"1,48235E+18",      2/2 es cuestion de ponderacion de derechos jerarquia de derechos: en que semana el derecho a la vida del feto esta por encima a la facultad de abortar de la mujer,cuestion ponderacion derecho jerarquia derechos semana derecho vida feto encima facultad abortar mujer,2
"1,48235E+18", Una mujer que huela rico y que tenga cejas naturales... Ser mucho pedir ??,mujer huelar rico ceja natural ser pedir,2
"1,48235E+18", Se olvid esa mujer de lo que deca de Bullrich de Macri...y de toda la lacra con la que ahora est en connivencia,olvid mujer deco bullrich macriy todo lacra ahora est connivencia,2
"1,48235E+18",Tu eres la mujer que para m eres perfecta.,mujer m perfecta,0
"1,48235E+18",No culpis a las mujeresantes de culparos a vosotros mismos por los repugnantes(actos) que llevis a cabo corrompiendo las sociedades ennombre de la libertad de la mujer.Escrito por el shaykh Hasan Ali al-Ram|jal https://t.co/ZjaSSPk2Uz,culpis mujeresantes culparo mismo repugnant acto llevis cabo corromper sociedad ennombre libertad mujerescrito shaykh hasar ali,0
"1,48235E+18","""""""  Creo que se enamora de un beom pero trasformada en una mujer porque los """"""""beom"""""""" se ocultan entre los humanos""""""",creer enamorar beom trasformado mujer beom ocultar humano,2
"1,48235E+18",  No se de ninguna otra senadora que trabaje ms que esa mujer de las poquitas del congreso que en realidad se merezca su sueldo.,ninguno senadoro trabaje ms mujer poquito congreso realidad merezca sueldo,2
"1,48235E+18", Hola mami venga pa hacer una rumba con mi mujer,hola mami venir pa hacer rumba mujer,1
"1,48235E+18",Una mujer considera mltiples vas para resolver un problema de trabajo en este relato de la argentina Graciela Matrajt#AutoresDeArgentina #Letralia377 https://t.co/LlQc6tmLFf,mujer considerar mltipl va resolver problema trabajo relato argentino gracielir matrajt autoresdeargentinar,2
"1,48235E+18",? Les recordamos que pueden descargar la app Ciudad Mujer Paraguay desde el Playstore en la misma se pueden gestionar citas y obtener informacin sobre servicios talleres cursos y otras actividades que buscan el empoderamiento y la autonoma de las mujeres.#MinMujerPy https://t.co/X3qLrtkoWl,recordar poder descargar app ciudad mujer paraguay playstore mismo poder gestionar cita obtener informacin servicio taller curso actividad buscar empoderamiento autonomo mujer minmujerpy,2
"1,48235E+18",Es que lo amaba tanto  que una cachetada una golpiza o una pualada terminaba siendo una caricia para ella la vctima que as se senta bien amada por su prncipe azul. Pobre mujer! ... Tena podrido el cerebro! https://t.co/bJ2dtkbaKq,amar cachetado golpizo pualado terminar ser caricia vctimo os senta bien amado prncipe azul pobre mujer tena podrido cerebro,2
"1,48235E+18","""""""  Que las madres y padres estamos en plena competencia para ensear no se necesita escuela para esto... Lo que pasa es que hay mucho """"""""decoro"""""""" para unas cosas que son tan bsicas... Gente que se ruboriza si una mujer habla de su perodo frente a hombres cosas absurdas...""""""",madre padr pleno competencia ensear necesitar escuela pasar decoro uno cosa tanto bsica gente ruborizar si mujer hablar perodo frente hombre cosa absurdo,0
"1,48235E+18",SI TU MUJER ME QUIERE A MI YO QUE CULPA TENGOOOOO??,si mujer querer culpa tengooooo,0
"1,48235E+18","""""""Espero que algn da  cuente la historia de como una mujer llamada """"""""Billie jean"""""""" llego a su casa con un chaval diciendo que era su hijo eso si fue de coa total.""""""",esperar algn da cuente historia mujer llamado billie jear llego casa chaval decir hijo si coa total,2
"1,48235E+18",Toda mujer deberia tener los chavos pa operarse lo q le de la gana,todo mujer deberio tener chavo pa operar él q ganar,2
"1,48235E+18","""""""""""""""El 93% de la poblacin panamea considera que las mujeres estn suficientemente preparadas para ejercer posiciones de eleccin popular. El 90% dice que est de acuerdo con la implementacin de leyes pro-paridad en puestos polticos...""""""""?? https://t.co/OSaJNF04b2""""""",poblacin panamear considerar mujer estn suficientemente preparado ejercer posición elein popular decir est acuerdo implementacin ley puesto poltico,2
"1,48235E+18",Video: Cae sospechoso de matar a mujer cuyo cuerpo fue hallado en maleta abandonada en Bucaramanga | https://t.co/P95VdMmYNK https://t.co/GIpqdSHc5l,video caer sospechoso matar mujer cuyo cuerpo hallado maleta abandonado bucaramango,2
"1,48235E+18",  Que delicia desayunarse esa hermosa mujer. Uff recorreria todo ese delicioso cuerpo de pies a cabeza uff ??,delicia desayunar él hermoso mujer uff recorreria delicioso cuerpo pies cabezar uff,0
"1,48235E+18",Alguien en su sano juicio podra ver a Patricia del Ro y ms an tomar o referente a tan lambiscona mujer ! No pues !,alguien sano juicio podra ver patricia ro ms an tomar referente tanto lambisconar mujer pues,2
"1,48235E+18",""""""" Le toca a uno y ms a la mujer.aguantar y tolerar """"""""las licencias carnavalescas"""""""" subidas de tono y de todo.""""""",tocar ms mujeraguantar tolerar licencia carnavalesca subida tono,2
"1,48235E+18","""""""""""""""Aparentemente el Titnic de una mujer es el crucero del amor de otra""""""""""""""",aparentemente titnic mujer crucero amor,2
"1,48235E+18",  Aaahhh.. no lo saba pero creo que se han de ir por un actor negro (ojo no es insulto ni racismo) por la inclusin de razas y culturas. De repente es una mujer la nueva 007.,aaahhh sar creer ir actor negro ojo insulto racismo inclusin raza cultura repente mujer nuevo,2
"1,48235E+18",Fiscal Patricio Espinoza orden diversas diligencias y pericias por el homicidio de mujer de 37 aos quien falleci al sufrir heridas con arma blanca por la espalda. Hay 2 detenidos. Brigada Homicidios y peritos del Laboratorio de Criminalstica trabajan en el sitio del suceso. https://t.co/cA5KAYG285,fiscal patricio espinozar orden diverso diligencia pericia homicidio mujer aos falleci sufrir herida arma blanco espalda detenido brigado homicidio perito laboratorio criminalsticar trabajar sitio suceso,2
"1,48235E+18", Que mujer valiente tuviste de angel en ese momento. Ya que imuchos miran y no ayudan! Felicitaciones a la seora de la herencia !!! Fuerza ,mujer valiente angel momento imucho mirar ayudar felicitación seoro herencia fuerza,0
"1,48235E+18",Pienso a veces que la mujer que le rompi el ??a Pedro Sanchez ahora mismo es autnoma,pensar vez mujer rompi pedro sanchez ahora mismo autnoma,2
"1,48235E+18", Falacia pura. Manda a tu mujer a los mercados y que haga compras del da. Maldito.,falacia puro mandar mujer mercado hacer compra dar maldito,1
"1,48235E+18", Que mujer ms maravilloso ??????,mujer ms maravilloso,0
"1,48235E+18",#Ibagu| Estos dos sujetos le robaron el celular a una mujer cuando hablaba mientras iba dentro de una buseta. ?? https://t.co/iF61sUirtS,ibagu dos sujeto robar celular mujer hablar mientras ir dentro buseta,2
"1,48235E+18",Ejemplo de mujer deportista Lafarja culmina el raid saud por segunda vez en su historial ubicndose en el puesto 54 y siendo la nica paraguaya en haberlo logrado.#VamosParaguay #ElDeporteNosUne#ParaguayDeLaGente https://t.co/nS2k1tXqls,ejemplo mujer deportista lafarja culmina raid saud segundo vez historial ubicndo él puesto ser nico paraguayar haber él lograr vamosparaguay eldeportenosune paraguaydelagente,2
"1,48235E+18",    Igualito. Cuando fui el pasado sbado la mujer no despeg su cara del celular ??,igualito pasado sbado mujer despeg cara celular,2
"1,48235E+18",#TopBLU El abuelo se muri: mujer denuncia que agente de trnsito la mult cuando iba en emergencia https://t.co/dsPZaGRBNk,topblu abuelo muri mujer denunciar agente trnsito mult ir emergencia,2
"1,48235E+18",Mujer llev a #hijo1 a cumpleaos en una quinta todo el da yo pdorua estar maratoneando algo pero no ac estoy por limpiar el bao.... #hicemalnegocio,mujer llev cumpleao quinta dar pdorua maratonear ac limpiar bao hicemalnegocio,2
"1,48235E+18",Historia de la Obstetricia para la mujer. Final. Probablemente uno de los orgenes. Podemos observar la fortaleza y determinacin de una mujer para conquistar sus derechos. Un humilde omenaje a todas mis colegas al revivir este histrico documento https://t.co/IE2etnthK9,historia obstetricio mujer final probablemente orgenes poder observar fortaleza determinacin mujer conquistar derecho humilde omenaje todo colega revivir histrico documento,2
"1,48235E+18",Es intuitivo saber cuando una mujer est aburrida o se arranca las puntas abiertas del cabello o disimuladamente se tocas las chichis,intuitivo saber mujer est aburrido arranca punta abierto cabello disimuladamente toca chichis,2
"1,48235E+18", Hierba mala nunca muere esa mujer radica en Suiza y est ms vacunada que meretriz de las Cucardas.,hierba malo nunca morir mujer radicar suiza est ms vacunado meretriz cucarda,2
"1,48235E+18",Me llam la atencin de una conocida que est soltera y busca pareja por pginas hay personas que hasta desaparecen! tengan cuidado soy mujer y mam me preocupa el mundo un poco inocente para creer ilusiones.,llam atencin conocido est soltero busca parejo pgina persona desaparecer cuidado mujer mam preocupar mundo inocente creer ilusión,2
"1,4824E+18", Puta madre Laura eres una seora!!,puta madre laura seoro,1
"1,4824E+18", La puta que los pariooooo. Escrachalo por favor,puta pariooooo escrachalo favor,1
"1,4824E+18",puta lluvia,puto lluvia,1
"1,4824E+18",cmo te extrao daniela hija de puta,cmo extrao daniela hija puta,1
"1,4824E+18", puta,puta,1
"1,48237E+18", Comunista de mierda feminazi no tiene identidad! Y adems retrasada coo eso es peor que tener las 7 plagas...,comunista mierdo feminazi identidad adems retrasado coo peor tener plaga,1
"1,48236E+18", Es incapaz de violentar y la que lo violenta y est mal somos las mujeres ellos son las tristes vctimas de las feminazi. Machitos de mierda,incapaz violentar violentar est mal mujer triste vctima feminazi machito mierdo,1
"1,4822E+18", Pobre de ti. Feminazi pendeja,pobre feminazi pendeja,1
"1,48209E+18","""""""FEMINAZI me FUNA en FACEBOOK....Soy un ABUS4D0R|LAMENTABLEHoy les traigo las Exageraciones de las """"""""FEMINISTAS"""""""" por memes sin sentido.....RIDCULO...Disfrtalo aqu:https://t.co/7L4AyUrY0z https://t.co/Nr5sOQUeiE""""""",feminazi funa facebooksoy traigo exageración feminista mem sentidoridculodisfrtalo aqu,1
"1,48209E+18",Qu feo ser feminazi y estar todo el tiempo en guerra atacando a los hombres y compitiendo constantemente con ellos e insultndolos. Estpidas frgidas!Nosotras las chicas normales disfrutamos a nuestros hombres y los culeamos bien rico como debe ser ?????,qu feir ser feminazi tiempo guerrar atacar hombre competir constantemente insultndo él estpida frgidasnosotra chica normal disfrutar hombre culeir bien rico deber ser,1
"1,48208E+18","""""""Imagina llamar a una chica """"""""feminazi"""""""" por decir qu tu primo es un pendejo por tener novia y chapar con otra ??""""""",imagina llamar chica feminazi decir qu primo pendejo tener novia chapar,1
"1,48198E+18",Las feminazi son una mierda no sirven para nada ?? https://t.co/QQwo47c2Nl,feminazi mierda servir,1
"1,48182E+18",Prefiero parecer una loca de mierda que perder mi tiempo con salames.Total puta loca y feminazi ya me lo dicen hace aos.Qu le hace una marca ms al tigre ah,preferir parecer loco mierda perder tiempo salamestotal puto loca feminazi decir hacer aosqu hacer marca ms tigre ah,1
"1,48136E+18", No se puede esperar menos de una feminazi. Estn enfermas de odio.,poder esperar menos feminazi estn enferma odio,1
"1,48136E+18","""""""   Me han llamado feminazi veganazi resentida social marica pobre pero nunca me haban dicho que participaba en una """"""""fiesta de odio a los privilegiados"""""""" jajajajajajajajajajajaja""""""",llamar feminazi veganazi resentido social marica pobre nunca har dicho participar fiesta odio privilegiado jajajajajajajajajajajaja,1
"1,48127E+18", Por qu no mostras tu cara feminazi Te da vergenza,qu mostrar cara feminazi dar vergenza,1
"1,48111E+18", Es una progre feminazi &gt:/ESAS SON LAS PEORESson moscan muertas,progre feminazi gt peoresson moscar muerta,1
"1,48108E+18", Maldita feminazi de porquera usted quiere decidir si lo mo es un tweet o una indirecta progres de mierda. Viva mi ejrcito y la limpieza social ajuaaaaaaaa,malditar feminazi porquero usted querer decidir si mo tweet indirecto progr mierdar vivo ejrcito limpieza social ajuaaaaaaaa,1
"1,48246E+18", Que pobreza tan perra. ??????????,pobreza tanto perra,1
"1,48246E+18", QUE QUE!! Por perra vesss ????,perra vesss,1
"1,48246E+18",  Mil y UN veces HIJOS DE PERRA,mil vez hijo perra,1
"1,48246E+18",sionistas hijos de perra!!!!!!!!!!!!!!!!! https://t.co/eV347O6GhH,sionista hijo perra,1
"1,48245E+18",agg maldita zorra puta perra malparida de mierda nacida por el puto culo q excusa tan marikaaaa jajajajajajajja,agg malditar zorra puto perra malparida mierdar nacido puto culo q excusa tanto marikaaaa jajajajajajajjo,1
"1,48245E+18",En tu perra vida vas a encontrar la calma,perra vida va encontrar calma,1
"1,48245E+18", ??????????????????????este hace algo menos asqueroso la perra los caza y los deja tirados y l los agarra de la cola y me los muestra??????????,hacer menos asqueroso perra cazar dejar tirado l agarra cola mostrar,1
"1,48245E+18", Que hermosa putita me gustara como me gustara hacerte mi perra sumisa,hermoso putita gustara gustara hacerte perra sumisar,1
"1,48243E+18",  Que pesado sabe que meti la gamba y sigue... culo sucio.Y la perra segua y segua.,pesado saber meti gamba seguir culo sucioy perra segua seguo,1
"1,48246E+18",Se puede ser ms estupida No creo https://t.co/3BBrct8Z0N,poder ser ms estupido creer,1
"1,48246E+18",No puede ser tan estpidaComo haces para cagar una conversacin en 3 mensajes,poder ser tanto estpidacomo hacer cagar conversacin mensaje,1
"1,48244E+18",Por qu mierda la gente es tan estpida csm que odio!,qu mierdar gente tanto estpido csm odio,1
1,pero ello viven ahi tambien y oleran la mierda ,él vivir ahi tambien olerar mierdo,1
2,Vieja fea horrible gritona,viejo fea horrible gritona,1
4,Porque mierda existen personas tan posesivas y caga verga como esta mina Lpm,mierda existir persona tanto posesiva cagar vergo minar lpm,1
9,como me molestan esas actitudes de mierda ,molestar actitud mierdar,1
10,Me estoy comiendo la picada arabe mas rica de mi vida,comer picado arabe ma rica vida,2
11,Callate zorra y mama duro! ,callate zorra mama duro,1
13,callate perra JAJAJAJAJAJA,callate perra jajajajajajar,1
14,Mira hijo de puta mejor callate la gran jeta malparido a ella y a cualquier virgen la pueden vestir como le den la gana tu eres el culpable de esta desgracia de 20que callo sobre Venezuela y eso no lo vamos a olvidar hijo de puta,mirar hijo puta mejor callate gran jeta malparido cualquiera virgen poder vestir dar ganar culpable desgracia callo venezuela ir olvidar hijo puta,1
17,Racismo es que hagas enfrijoladas con frijoles gueros y no negros.,racismo haga enfrijolada frijol guero negro,2
20,Callate la concha de tu hermana puta,callate conchaber hermana puto,1
22,Tema inmigracion de Venezuela como estamos y que bebemos hacer ayer mire un programa con abogados pidiendo abrir un estudio con todos ellos pera trabajar en Argentina no es como mucho que antecedentes tienen que hacemos con los nuestros es un tema a mirar antes que nos estalle,tema inmigracion venezuela beber hacer ayer mire programa abogados pedir abrir estudio perar trabajar argentina antecedent hacer tema mirar estalle,2
26,Callate vos sos capaz de venderte zorra.... ,callate ser capaz venderte zorra,1
30,La diferencia entre comida mexicana y la comida arabe es que una te da diarrea y otra te de diarrea explosiva,diferenciar comida mexicano comida arabe dar diarrea diarrea explosivo,2
31,CALLATE MALDITA ZORRA. ESTOY MUY NERVIOSO. https://t.co/nQClCXBTTK,callate malditar zorra nervioso,1
33,JAJAJAJAJAJAJAJAJAJAJAJAJAJAJAJAJAJAJAJAJAJAJAJAJAJAJA LA PUTA MADRE TE LO MERECES POR ser estupida y mujer,  puta madre merez ser estupir mujer,1
39,Callate perra,callate perra negro,1
43,Callate perra al rato empedamos ,callate perra rato empedar,1
44,Que por cierto Danna Paola tu eres una gata asquerosa y una soportable zorra celosa yo soy fan de camy G y la defiendo sea quien sea el olla y solo soy un chavo aun asi la defiendo me leeiste y me oistes Danna Paola babosa,cierto   gata asqueroso soportable zorra celoso fan camy g defeir olla solo chavo aun asi defeir leeiste oist danna paola babosa,1
45,Callate maldita escoria! Acaso no sabes con quien hablas! Hablas con Baron explodo kills el mejor heroe de U.A quien destrozara tu jodida cara de mierda! Hare que te arrepientas y te metas tus asquerosas idioteces por el orto! https://t.co/lxQnHmqZfd,callate malditar escorio acaso saber habla destrozar jodido cara mierdar hare arrepienta meta asqueroso idiotez orto,1
46,Callate zorra hdp,callate zorra hdp,1
48,#Ciberactivismo por la Revolucion y los #DerechosHumanos en #Tunez. #Mujeres en primera linea de la #revolucion arabe.  https://t.co/2uFl6wUBD3,ciberactivismo revolucion derechoshumano tunez mujer,2
55,dices que eres super puta porque le diste tu numero a un chamo que ni conocias ... callate nina rata,decir super puto dar numero chamo conocia callate nín rato,1
57,Solo hago lo q me ensenaron Ser una #puta,solo hacer q ensenar ser puta,1
58,Funcionaria denuncia acoso y violacion en el Poder Judicial: Me violaron una docena de veces - #AM1080 https://t.co/5N4L5I7KZH https://t.co/9ey5lGEz1r,funcionario denuncia acoso violacion poder judicial violar docena vez,2
59,El vicepresidente de la Diputacion de Alicante se disculpa tras pedir deportaciones masivas de inmigrantes https://t.co/zpHcDCH5KS,vicepresidente diputacion alicante disculpar tras pedir deportación masivo inmigrante,2
62,LA PUTA CALLATE QUE QUIERO TENER EL PELO NARANJAAA Y ME VA A QUEDAR HORRIBLE PORQUE SOY NEGRA,puto callate querer tener pelo naranjaaa ir quedar horrible negra,1
63,CUANDO ESTAS DE NOVIA ES NORMAL QUE UNA PERSONA SE PONGA TANNNNN HIJA DE PUTA,novia normal persona poner tannnnn hija puta,1
64,Jajja no digas tonterias. Jordi le ha respondido de puta madre.,jajja diga tonteria jordi respondido puta madre,1
72,Callate puta rata ya estas llorando,callate puto ratar llorar,1
76,A la mujer buscala delgada y limpia que gorda y guarra ella se volvera.,mujer buscalo delgado limpio gordo volvera,1
84,A la mujer buscala delgada y limpia que gorda y guarra ella se volvera.,mirar buen trasero buen escote acoso,1
88,A la mujer buscala delgada y limpia que gorda y guarra ella se volvera.,callate perra arrepentido,1
97,A la mujer buscala delgada y limpia que gorda y guarra ella se volvera.,ex colaboradora foxnews fustigo murdoch llamar tonteria escandalo acoso sexual,2
98,A la mujer buscala delgada y limpia que gorda y guarra ella se volvera.,llamar nobita gustar shizuka chica bonito gusta puto,1
99,A la mujer buscala delgada y limpia que gorda y guarra ella se volvera.,aaaaaaa vaneeeee felicitación hermoso re merez,0
100,A la mujer buscala delgada y limpia que gorda y guarra ella se volvera.,callate ir bloquear hijo puta,1
101,A la mujer buscala delgada y limpia que gorda y guarra ella se volvera.,talvez quedar zorra merez socia,1
105,A la mujer buscala delgada y limpia que gorda y guarra ella se volvera.,decir si bueno decir mejor callate matate maldito perra arrogante,1
106,A la mujer buscala delgada y limpia que gorda y guarra ella se volvera.,agente patrulla fronterizo usar detener grupo inmigrante indocumentado desierto suroeste arizona buildthewall,2
107,A la mujer buscala delgada y limpia que gorda y guarra ella se volvera.,callate boca burro maldito q ir saber q conteniar proclama d bolivar hijo gran puta maldito burro,1
111,A la mujer buscala delgada y limpia que gorda y guarra ella se volvera.,merez ma escarnio publico hija perra,1
113,A la mujer buscala delgada y limpia que gorda y guarra ella se volvera.,trabajador   reportar recibir paga menor prometido pagar cuota poder trabajar ahi pasaport confiscado empleador llegadar qatar fightracism qatar spain,2
114,A la mujer buscala delgada y limpia que gorda y guarra ella se volvera.,puto idea mujer mujer esclavo,1
123,A la mujer buscala delgada y limpia que gorda y guarra ella se volvera.,muerto perra aguantar tonteria,1
128,A la mujer buscala delgada y limpia que gorda y guarra ella se volvera.,iuuuuuuuh dolio caraaa zorra,1
129,A la mujer buscala delgada y limpia que gorda y guarra ella se volvera.,unico dominasestupido polla caro,1
130,A la mujer buscala delgada y limpia que gorda y guarra ella se volvera.,callate perra mirar foto perfil quier cojar olvida,1
132,A la mujer buscala delgada y limpia que gorda y guarra ella se volvera.,callateeear tén culazo puto,1
141,A la mujer buscala delgada y limpia que gorda y guarra ella se volvera.,gente querer venir ensenar historia puto vida tocar libro interesar historia ensenar viejo,1
142,A la mujer buscala delgada y limpia que gorda y guarra ella se volvera.,callate hijo puta vendido,1
143,A la mujer buscala delgada y limpia que gorda y guarra ella se volvera.,callate puto boca vete biblioteca busca seccion feminismo queda callado lee dejas soltar gilipollez comparable tierra plano cuanto retroceso debate,1
146,A la mujer buscala delgada y limpia que gorda y guarra ella se volvera.,callate negro puto ir llegar dia pagu,1
147,A la mujer buscala delgada y limpia que gorda y guarra ella se volvera.,puta puta vo meter mujer angel enviado jesucristo senor dar yo paz buscar solo ver él,1
152,A la mujer buscala delgada y limpia que gorda y guarra ella se volvera.,anoche hablar bebe,1
153,A la mujer buscala delgada y limpia que gorda y guarra ella se volvera.,callateeeee puta gallín cacareo idea,1
157,A la mujer buscala delgada y limpia que gorda y guarra ella se volvera.,decir si inspiro car zorra,1
158,A la mujer buscala delgada y limpia que gorda y guarra ella se volvera.,novia puta seguro ser sevillistar si cn tigo dinero,1
159,A la mujer buscala delgada y limpia que gorda y guarra ella se volvera.,nenar ma linda cara puta queeeeee jahajajajajajajajjajajajahajajahahahahahahajaj,1
160,A la mujer buscala delgada y limpia que gorda y guarra ella se volvera.,meta domingo aprenderme parte arabe ojo asi,2
161,A la mujer buscala delgada y limpia que gorda y guarra ella se volvera.,maldito espalda mojado,2
162,A la mujer buscala delgada y limpia que gorda y guarra ella se volvera.,apoyar politica presidente trump inmigrante buen trato hacia puerto rico tambien deberar rendir cuenta,2
168,A la mujer buscala delgada y limpia que gorda y guarra ella se volvera.,si unf acoso cibernetico estariamos preso dejen d decir estupidez ridicula q iheartawards bestboyband cnco,2
169,A la mujer buscala delgada y limpia que gorda y guarra ella se volvera.,si deberiar preocuparno inmigracion,2
170,A la mujer buscala delgada y limpia que gorda y guarra ella se volvera.,novia hacer papa frito mujer bien puto madreeeeeeeeeeir,1
349,A la mujer buscala delgada y limpia que gorda y guarra ella se volvera.,recuerdo rio estupido,1
76,A la mujer buscala delgada y limpia que gorda y guarra ella se volvera.,callate hazme cena mujer solo servir para estar en casa,1
77,A la mujer buscala delgada y limpia que gorda y guarra ella se volvera.,cllate viejo loca boca lame perra axilar,1
78,A la mujer buscala delgada y limpia que gorda y guarra ella se volvera.,cllate prueba destruirte perra sucio traicionera,1
79,A la mujer buscala delgada y limpia que gorda y guarra ella se volvera.,demasiado perra,1
80,A la mujer buscala delgada y limpia que gorda y guarra ella se volvera.,cerdar envidiós pas mal puto vida merez agua bebes,1
81,A la mujer buscala delgada y limpia que gorda y guarra ella se volvera.,coo eh malditar perra pudrete mamaguebar culpable,1
82,A la mujer buscala delgada y limpia que gorda y guarra ella se volvera.,esque puto cllate piens m,1
83,A la mujer buscala delgada y limpia que gorda y guarra ella se volvera.,t pajera mierdo perra nico poder hacer abrir pierna xk puta abr si saber cmo ser madre cojuda,1
84,A la mujer buscala delgada y limpia que gorda y guarra ella se volvera.,madre zorrar asesino gen izquierdista separatisto,1
85,A la mujer buscala delgada y limpia que gorda y guarra ella se volvera.,f llorar x amor do da sufrido x aos silenciar puta est sonriendo f madurez,2
86,A la mujer buscala delgada y limpia que gorda y guarra ella se volvera.,violar salir a f est vestido puta culpar provocar hombre,1
87,A la mujer buscala delgada y limpia que gorda y guarra ella se volvera.,pieza nacho indocumentado negro,1
88,A la mujer buscala delgada y limpia que gorda y guarra ella se volvera.,callate quier ser violar perra,1
89,A la mujer buscala delgada y limpia que gorda y guarra ella se volvera.,qu mujer cuatro neurona cada cocina,1
90,A la mujer buscala delgada y limpia que gorda y guarra ella se volvera.,si lleva pantalón corto a calle qu quier decir acoso provocacin,1
91,A la mujer buscala delgada y limpia que gorda y guarra ella se volvera.,vist asi provocativo,1
92,A la mujer buscala delgada y limpia que gorda y guarra ella se volvera.,morra si saber poder violar calle vist provocativo asi suena,1
93,A la mujer buscala delgada y limpia que gorda y guarra ella se volvera.,si vist provocativo poder quejar hombre agredar,1
94,A la mujer buscala delgada y limpia que gorda y guarra ella se volvera.,capo mujer perra,1
95,A la mujer buscala delgada y limpia que gorda y guarra ella se volvera.,callate puto orto xq habla recalcado concha madre,1
96,A la mujer buscala delgada y limpia que gorda y guarra ella se volvera.,gordar trabajo aos tenar primero novio pobre jajajaja culo est invitado amigo boda,1
97,A la mujer buscala delgada y limpia que gorda y guarra ella se volvera.,cllate prueba destruirtar puta sucio traicionera,1
102,A la mujer buscala delgada y limpia que gorda y guarra ella se volvera.,mujer gran puta querido platnico hacer amor da noche iba chuparmelar,1
105,A la mujer buscala delgada y limpia que gorda y guarra ella se volvera.,qu mujer inteligente,0
106,A la mujer buscala delgada y limpia que gorda y guarra ella se volvera.,cllate zorrar si todo conversación imprevisible,1
107,A la mujer buscala delgada y limpia que gorda y guarra ella se volvera.,decir perra respond a cllate contstame,1
108,A la mujer buscala delgada y limpia que gorda y guarra ella se volvera.,cllate puto sucio nico complicado aqu maán levantar laburar,1
116,A la mujer buscala delgada y limpia que gorda y guarra ella se volvera.,equivaler decir quedo reducido,1
117,A la mujer buscala delgada y limpia que gorda y guarra ella se volvera.,significar eterno creacion si crear desaparecer siempre,1
118,A la mujer buscala delgada y limpia que gorda y guarra ella se volvera.,m rosa m sonrisa mujer gritar zorra guarra poder ser m imbcil,1
120,A la mujer buscala delgada y limpia que gorda y guarra ella se volvera.,puto callate querer tener pelo naranjaaa ir quedar horrible negra,1
122,A la mujer buscala delgada y limpia que gorda y guarra ella se volvera.,puta ana cllate zorrar,1
122,A la mujer buscala delgada y limpia que gorda y guarra ella se volvera.,sheila tarado mierdo okala mate trola mierdo so gordar envidiosa seguro porq ruiqi cantar re bien vo canta parecer q matar gallina minecraft fea mierdo,1
122,A la mujer buscala delgada y limpia que gorda y guarra ella se volvera.,borralo gordo mierda,1
122,A la mujer buscala delgada y limpia que gorda y guarra ella se volvera.,ver mierda bien gordar gato registro ala,1
122,A la mujer buscala delgada y limpia que gorda y guarra ella se volvera.,perder ingenio popular embo él quedo importar mierdo gordo carrio puto radical cheto,1
122,A la mujer buscala delgada y limpia que gorda y guarra ella se volvera.,mujer gordo mierda,1
122,A la mujer buscala delgada y limpia que gorda y guarra ella se volvera.,poder ser mo cerdar asqueroso carlotaque dios mandir mayir castigoshasta ahora podiar hablar adqye pasar poner tambienpu sucio qye asco dar puta gordaotro vez dandolar necesitais sino mierda salvame ver nadieer repugnante,1
122,A la mujer buscala delgada y limpia que gorda y guarra ella se volvera.,ir decir quitaste palabra bocar xd enserio mierdar seguro fan,1
122,A la mujer buscala delgada y limpia que gorda y guarra ella se volvera.,adema teniar presupuesto detra ahora primero vez ir salir mierda gordo ir poner tibio sanchez galar companero martir punto pelota ah alcalde cabecero comarca,1
122,A la mujer buscala delgada y limpia que gorda y guarra ella se volvera.,bueno primero puta vendido gordo mierda ser senadoraaunque primero vaca muerto,1
122,A la mujer buscala delgada y limpia que gorda y guarra ella se volvera.,man sabado cumpleano permito comer ma do co exagerado tres items dar note,1
122,A la mujer buscala delgada y limpia que gorda y guarra ella se volvera.,h entrar trabajar reviento cierre jear trabajoesta senal dios decir dejar comer dias doble cuarto gordo mierda,1
122,A la mujer buscala delgada y limpia que gorda y guarra ella se volvera.,cuerpo grito gordar mierda,1
122,A la mujer buscala delgada y limpia que gorda y guarra ella se volvera.,dudo playa lleno materia fecalya autoridad politico ser puro mierda solucionar problema poblacion maldito rico empresario hacer vista gordo importar turismo pueblo come,1
122,A la mujer buscala delgada y limpia que gorda y guarra ella se volvera.,fraude mierda gordo rato dejar ver,1
122,A la mujer buscala delgada y limpia que gorda y guarra ella se volvera.,same gordo retrasado mierdo,1
122,A la mujer buscala delgada y limpia que gorda y guarra ella se volvera.,ropa gordo mierdo,1
122,A la mujer buscala delgada y limpia que gorda y guarra ella se volvera.,diga gordo mierda alguien personar importe bledoel mal referir asi otroeso ser mierda tambienlo mire donde mire,1
122,A la mujer buscala delgada y limpia que gorda y guarra ella se volvera.,comete mierdo bien gordar,1
122,A la mujer buscala delgada y limpia que gorda y guarra ella se volvera.,mierdar creestién pc buen ping mierdar adema sient culo nadie solo,1
122,A la mujer buscala delgada y limpia que gorda y guarra ella se volvera.,pues mierda gordo,1
122,A la mujer buscala delgada y limpia que gorda y guarra ella se volvera.,querer asi decir tú gordo poner ahre ir mierdar xd,1
122,A la mujer buscala delgada y limpia que gorda y guarra ella se volvera.,q asco dar gordo mierda,1
122,A la mujer buscala delgada y limpia que gorda y guarra ella se volvera.,dios gordo mierda,1
122,A la mujer buscala delgada y limpia que gorda y guarra ella se volvera.,gordo de mierda,1
122,A la mujer buscala delgada y limpia que gorda y guarra ella se volvera.,when excusa querer bajar peso dejar mcdonalds gordo mierda,1
122,A la mujer buscala delgada y limpia que gorda y guarra ella se volvera.,jipi cerdar huel mierdar rastra dar asco aparto gordo quiero arda proogre izquierdo,1
122,A la mujer buscala delgada y limpia que gorda y guarra ella se volvera.,mierda decir gordo xtina primero parte muchacha,1
122,A la mujer buscala delgada y limpia que gorda y guarra ella se volvera.,aprender mejor insulto gordo mierda chao bloqueado dar flojera,1
122,A la mujer buscala delgada y limpia que gorda y guarra ella se volvera.,ballo alo mierda gordo hijademilputo,1
122,A la mujer buscala delgada y limpia que gorda y guarra ella se volvera.,aceptame gordo d mierda q impaciente apurar,1
122,A la mujer buscala delgada y limpia que gorda y guarra ella se volvera.,cada vez q acuerdo gordo decir digooo tiento mierdar jajajajajajaj,1
122,A la mujer buscala delgada y limpia que gorda y guarra ella se volvera.,uh gorda monton jajar avez profesor pensar solo cursamos materia mierdo re forro,1
122,A la mujer buscala delgada y limpia que gorda y guarra ella se volvera.,hsd seguir show hoy importar mierdo gordo carrio,1
122,A la mujer buscala delgada y limpia que gorda y guarra ella se volvera.,q avez explicate gordo d mierdo,1
122,A la mujer buscala delgada y limpia que gorda y guarra ella se volvera.,mierdar ir dar bola si re gordar gusta mín gorda,1
122,A la mujer buscala delgada y limpia que gorda y guarra ella se volvera.,vez calor vez aguantar querete so mirar arriba abajo cuerpo diosssss peor ser gordar ser gente falso mierda indignado,1
122,A la mujer buscala delgada y limpia que gorda y guarra ella se volvera.,ir creer todo vida cuernear persona hegemonica gordo mierda ahora poner re linda ir hacer yo trola dedicar like bts cantir siempre linda ma linda q rompimos pretty woman,1
122,A la mujer buscala delgada y limpia que gorda y guarra ella se volvera.,impoa mierdar gordo carrio puto radical cheto pro cantar anti peronista himno,1
122,A la mujer buscala delgada y limpia que gorda y guarra ella se volvera.,gordofobio ir tener miedo gordo mierda,1
122,A la mujer buscala delgada y limpia que gorda y guarra ella se volvera.,q gorda mierda q q gana morir yo,1
122,A la mujer buscala delgada y limpia que gorda y guarra ella se volvera.,insulto virgo nota mama gordo putrefacta mierdo seguro so adoptar pelotudo nadie familia salio genetico pecho sopa,1
122,A la mujer buscala delgada y limpia que gorda y guarra ella se volvera.,cargo asco poder gordo mierda,1
122,A la mujer buscala delgada y limpia que gorda y guarra ella se volvera.,gordar mierda,1
122,A la mujer buscala delgada y limpia que gorda y guarra ella se volvera.,decir diario mierdar dijiste pelotud buscar buscar encontrar pelotud dijisteahoro pongo wanda lleno pantalla buscador gordar goloso cirugeado atorado rabo labio ahora ofender,1
122,A la mujer buscala delgada y limpia que gorda y guarra ella se volvera.,odio pq tanto gordo gene mierdo,1
122,A la mujer buscala delgada y limpia que gorda y guarra ella se volvera.,persona normal comer dia ver flaca llego caloria diir gordo mierda encima mato hacer ejercicio juro entender voy matar,1
122,A la mujer buscala delgada y limpia que gorda y guarra ella se volvera.,gordar mierda nuevo sic encima explicar orto tomar prueba sorpresa hija puto uno gana echar,1
122,A la mujer buscala delgada y limpia que gorda y guarra ella se volvera.,seguro mierda gordo,1
122,A la mujer buscala delgada y limpia que gorda y guarra ella se volvera.,tremeda insoportable gordo dejar reflejarte vida mierdo significar q ,1
122,A la mujer buscala delgada y limpia que gorda y guarra ella se volvera.,mucho hambre d joda q gordo d mierdo,1
122,A la mujer buscala delgada y limpia que gorda y guarra ella se volvera.,silensiada x insoportable gordo mierdo,1
122,A la mujer buscala delgada y limpia que gorda y guarra ella se volvera.,t imagina ser tanto nadie lado hermano solo gordar mierda,1
122,A la mujer buscala delgada y limpia que gorda y guarra ella se volvera.,unico dar pena asin gordo mierda,1
122,A la mujer buscala delgada y limpia que gorda y guarra ella se volvera.,nadie robar dar él dinero si tanto insistencia entrar equipo bien tramar si equipo mierdo gordo entenderio,1
122,A la mujer buscala delgada y limpia que gorda y guarra ella se volvera.,cornuda re mierda gordo puta amo dulce so enamora,1
122,A la mujer buscala delgada y limpia que gorda y guarra ella se volvera.,vo pensaba q libertarado solo decir caca mugriento zurdar mierdo gordo boluda twitter,1
122,A la mujer buscala delgada y limpia que gorda y guarra ella se volvera.,q gordo d mierda q paso comer amo jajajj,1
122,A la mujer buscala delgada y limpia que gorda y guarra ella se volvera.,tirar ondar xq so gordar mierda seguro,1
122,A la mujer buscala delgada y limpia que gorda y guarra ella se volvera.,dar cara gordo mierda,1
122,A la mujer buscala delgada y limpia que gorda y guarra ella se volvera.,hola amigo querer dejar ser gordo mierda edtwt,1
122,A la mujer buscala delgada y limpia que gorda y guarra ella se volvera.,bueno gordar puta mierdo entendiste simplemente decir hacer mismo hacer lopez aunque echo dar mismo cerdar ndeah,1
122,A la mujer buscala delgada y limpia que gorda y guarra ella se volvera.,mujer insensible lleno estulticia ud ver llegar ser humano lamer pata enfermo finalmente enlodar él mierda encubrir practicar corrupcion describe tipar mierdo dar usted verguenza mexicano despreciable gordar feo,1
122,A la mujer buscala delgada y limpia que gorda y guarra ella se volvera.,si recordar tmb ssng mark yy q gordar mierdo veo arranco pelo,1
122,A la mujer buscala delgada y limpia que gorda y guarra ella se volvera.,lena m andar criticar ranmitsu gordo d mierda importar palabra indonesio coreana d lado,1
122,A la mujer buscala delgada y limpia que gorda y guarra ella se volvera.,peor q gente piensa decir gordo justamente genus inseguridad gente mierdo opinar saber cuerpo ajeno,1
14521535,"""""""RT : """"""""Pa Mis Muchachas"""""""" de  ya esta disponible . Se unieron cuatro power latinas en esta nueva cancion mega empoder...""""""",pa muchacha disponible unir cuatro power latino nuevo cancion megar empoder,0
14521535,"""""""RT : Ahora vivo mi vida acostada en la arena. El sol me calienta me pone morena.  Empezando la semana con una actitud positi...""""""",ahora vivo vida acostado arena sol calienta poner morén empezando semana actitud positi,0
14521535,"""""""RT : Ahora vivo mi vida acostada en la arena. El sol me calienta me pone morena.  Empezando la semana con una actitud positi...""""""",poner labial rojo siento empoderado,0
14521535,"""""""RT : Ahora vivo mi vida acostada en la arena. El sol me calienta me pone morena.  Empezando la semana con una actitud positi...""""""",ciruján darkz super cool diós empoderado feliz dia algun dia querer ser mitad chingonar tqm,0
14521535,"""""""RT : Ahora vivo mi vida acostada en la arena. El sol me calienta me pone morena.  Empezando la semana con una actitud positi...""""""",yoyo bailo money hora sentir yo empoderado,0
14521535,"""""""RT : Ahora vivo mi vida acostada en la arena. El sol me calienta me pone morena.  Empezando la semana con una actitud positi...""""""",incendiar club usar basicamente nino terrorista,2
14521535,"""""""RT : Ahora vivo mi vida acostada en la arena. El sol me calienta me pone morena.  Empezando la semana con una actitud positi...""""""",pa muchacha disponible unir cuatro power latino nuevo cancion megar empoder,0
14521291,"""""""RT : Ahora vivo mi vida acostada en la arena. El sol me calienta me pone morena.  Empezando la semana con una actitud positi...""""""",uffff mujer sexy hermoso empoderada mecalienta ma sol verano mami jajajaxd,0
14521291,"""""""RT : Ahora vivo mi vida acostada en la arena. El sol me calienta me pone morena.  Empezando la semana con una actitud positi...""""""",hoy enterar bn cabron decir querio llorar arruinar yo maquillaje alguien decir importar vuelv maquillar perra empoderada hacer dia,0
14521291,"""""""RT : Ahora vivo mi vida acostada en la arena. El sol me calienta me pone morena.  Empezando la semana con una actitud positi...""""""",control tiro empoderado luego hacer consecuencia jajajajajajar,0
14521291,"""""""RT : Ahora vivo mi vida acostada en la arena. El sol me calienta me pone morena.  Empezando la semana con una actitud positi...""""""",makinon empoderado pisameeee cara taco espectacular hermosaaaaa buenaj,0
14521291,"""""""RT : Ahora vivo mi vida acostada en la arena. El sol me calienta me pone morena.  Empezando la semana con una actitud positi...""""""",ahaha empoderado antigamente essa promiscuidadir chamado vadiagem muito prafrentex,0
14521291,"""""""RT : Ahora vivo mi vida acostada en la arena. El sol me calienta me pone morena.  Empezando la semana con una actitud positi...""""""",same solo veo diós empoderada calum,0
14521291,"""""""RT : Ahora vivo mi vida acostada en la arena. El sol me calienta me pone morena.  Empezando la semana con una actitud positi...""""""",empoderada poderoso,0
14521291,"""""""RT : Ahora vivo mi vida acostada en la arena. El sol me calienta me pone morena.  Empezando la semana con una actitud positi...""""""",siempre empoderado manijo claramente ir disfrutar recital ir hacer pogo rato solo placer volver recital pastilla,0
14521291,"""""""RT : Ahora vivo mi vida acostada en la arena. El sol me calienta me pone morena.  Empezando la semana con una actitud positi...""""""",foto momento subir él gloria verdadero empoderado gestiono seriamente pais,0
14521291,"""""""RT : Ahora vivo mi vida acostada en la arena. El sol me calienta me pone morena.  Empezando la semana con una actitud positi...""""""",verdadero gracias ud solo mujer valiente aguerrido empoderada ud tomar bandera reivindicar derecho pese dolor lucha tanto ano lograr gracias ser abanderar ejemplo infinito bendición,0
14521291,"""""""RT : Ahora vivo mi vida acostada en la arena. El sol me calienta me pone morena.  Empezando la semana con una actitud positi...""""""",candidata ir partido gente venir organización social vivir mismo problema,0
14521291,"""""""RT : Ahora vivo mi vida acostada en la arena. El sol me calienta me pone morena.  Empezando la semana con una actitud positi...""""""",empoderado ver pues aprovechar,0
14521291,"""""""RT : Ahora vivo mi vida acostada en la arena. El sol me calienta me pone morena.  Empezando la semana con una actitud positi...""""""",proximo golpe previsto espán crisis gasel gasnatural experimentar desorbitado subida precio llevar casi triplicar valor mercado mayorista ir ano naturgy suministro encarecimiento,2
14521291,"""""""RT : Ahora vivo mi vida acostada en la arena. El sol me calienta me pone morena.  Empezando la semana con una actitud positi...""""""",sendo monopolista petrobra prestava alguns servicos mercado gasnatural agoro quem vai prestar custo saibar mais servicos flexibilidadir oduto a chamada dar tag nt ser servico,2
14521291,"""""""RT : Ahora vivo mi vida acostada en la arena. El sol me calienta me pone morena.  Empezando la semana con una actitud positi...""""""",caldera mixto aristontecnologia condensacioninstalado tecnam calefaion sueloradiante aerotermia natural fontaneria calefaionportugalete caldera cambiocalderas tecnam,2
14521291,"""""""RT : Ahora vivo mi vida acostada en la arena. El sol me calienta me pone morena.  Empezando la semana con una actitud positi...""""""",suelo radiante bakioexperto suelo radiante tecnam sueloradiante sueloradiantebakio suelorefrescante calefaion calefaionportugalete caldera natural aerotermia fontanerio,2
14521291,"""""""RT : Ahora vivo mi vida acostada en la arena. El sol me calienta me pone morena.  Empezando la semana con una actitud positi...""""""",lopez asegurar gobierno acabar olinazosentonz deber describir incremento gasnatural gaslp gasolina,2
14521291,"""""""RT : Ahora vivo mi vida acostada en la arena. El sol me calienta me pone morena.  Empezando la semana con una actitud positi...""""""",aldiaconelgestor octubre compartir informe diario mercado gasnatural informacion mercado secundario incluido subasta uselo vendalo corto plazo,0
14521291,"""""""RT : Ahora vivo mi vida acostada en la arena. El sol me calienta me pone morena.  Empezando la semana con una actitud positi...""""""",estatal petroperu volvera producir crudo despues ma do decada petroleo oiland natural peru,2
14521291,"""""""RT : Ahora vivo mi vida acostada en la arena. El sol me calienta me pone morena.  Empezando la semana con una actitud positi...""""""",minem ofrecer credito bono taxista transportista junin ahorrognv fise gasnatural hidrocarburo regional,2
14521291,"""""""RT : Ahora vivo mi vida acostada en la arena. El sol me calienta me pone morena.  Empezando la semana con una actitud positi...""""""",dejar dia nina ano anterior propietario deudo estafador natural transicionenergetico,2
14521291,"""""""RT : Ahora vivo mi vida acostada en la arena. El sol me calienta me pone morena.  Empezando la semana con una actitud positi...""""""",silleta trabajo sector minero plasson someter prueba aprobacion conformidad normativo iso visitano rsclientecommx tuberiapead agua minerio gasnatural electrofusion,2
14521291,"""""""RT : Ahora vivo mi vida acostada en la arena. El sol me calienta me pone morena.  Empezando la semana con una actitud positi...""""""",delegado cuenta nacional miguel martin formado parte jornada presentado ultima tecnologia solución hibrida eficienciaenergetico gasnatural energiasrenovabl,2
14521291,"""""""RT : Ahora vivo mi vida acostada en la arena. El sol me calienta me pone morena.  Empezando la semana con una actitud positi...""""""",haciendopatrio poner marcha programa gas solidario buscar facilitar aeso red envasado garrafa reduion ciento tarifa natural impuesto,2
14521291,"""""""RT : Ahora vivo mi vida acostada en la arena. El sol me calienta me pone morena.  Empezando la semana con una actitud positi...""""""",aldiaconelgestor octubre compartir informe diario mercado gasnatural informacion mercado secundario incluido subasta uselo vendalo corto plazo,2
14521291,"""""""RT : Ahora vivo mi vida acostada en la arena. El sol me calienta me pone morena.  Empezando la semana con una actitud positi...""""""",inversion millón euro construirar planta piloto alemania convertir desecho domestico hidrogeno renovable energiarenovable hidrogeno natural descarbonizacion,2
14521291,"""""""RT : Ahora vivo mi vida acostada en la arena. El sol me calienta me pone morena.  Empezando la semana con una actitud positi...""""""",scga rede distribuicao gas natural chega quilometro leia noticia completo site timbo net scgas gasnatural sc,2
14521291,"""""""RT : Ahora vivo mi vida acostada en la arena. El sol me calienta me pone morena.  Empezando la semana con una actitud positi...""""""",ley gasescombustibl dictum establecera programa sustitucion lenar carbon residuo kerosene olina alcohol gaslp gasnatural ma informacion boletinjuridicoglp,2
14521291,"""""""RT : Ahora vivo mi vida acostada en la arena. El sol me calienta me pone morena.  Empezando la semana con una actitud positi...""""""",felicitación ganar ayer hoy tambien regalarer camisa messi soear camiseta d,2
14521291,"""""""RT : Ahora vivo mi vida acostada en la arena. El sol me calienta me pone morena.  Empezando la semana con una actitud positi...""""""",lafranjadeparisi buenisimo franja mandar felicitación familio pdg ,2
14521291,"""""""RT : Ahora vivo mi vida acostada en la arena. El sol me calienta me pone morena.  Empezando la semana con una actitud positi...""""""",siempre eh dicho sostengovivido experiencia asi plantilla intimidacion sentir tendran ninguno oportunidad sentir fuerza policial tactico militar solito delatar felicitación comando camarada bendición,0
14521291,"""""""RT : Ahora vivo mi vida acostada en la arena. El sol me calienta me pone morena.  Empezando la semana con una actitud positi...""""""",felicitación ascenso policia decir policia labor detener delincuente proteger ciudadania pagar impuesto gobierno recaudar,0
14521291,"""""""RT : Ahora vivo mi vida acostada en la arena. El sol me calienta me pone morena.  Empezando la semana con una actitud positi...""""""",posicion universidad serio congruente adecuado felicitación rector todo comunidad universit,2
14521291,"""""""RT : Ahora vivo mi vida acostada en la arena. El sol me calienta me pone morena.  Empezando la semana con una actitud positi...""""""",interesante felicitación ambo,0
14521291,"""""""RT : Ahora vivo mi vida acostada en la arena. El sol me calienta me pone morena.  Empezando la semana con una actitud positi...""""""",felicitación gran aficion club dirigencia serio objetivo claro,2
14521291,"""""""RT : Ahora vivo mi vida acostada en la arena. El sol me calienta me pone morena.  Empezando la semana con una actitud positi...""""""",comision directivo daia decidio apelar favor ausente fallo tfo habia sobreseido cris,0
14521291,"""""""RT : Ahora vivo mi vida acostada en la arena. El sol me calienta me pone morena.  Empezando la semana con una actitud positi...""""""",nunca apuesto perder felicitación ale,0
14521291,"""""""RT : Ahora vivo mi vida acostada en la arena. El sol me calienta me pone morena.  Empezando la semana con una actitud positi...""""""",felicitación don carlos,2
14521291,"""""""RT : Ahora vivo mi vida acostada en la arena. El sol me calienta me pone morena.  Empezando la semana con una actitud positi...""""""",senor policia carajo felicitación merecer placo reconocimiento minimo esperemos juzgado,2
14521291,"""""""RT : Ahora vivo mi vida acostada en la arena. El sol me calienta me pone morena.  Empezando la semana con una actitud positi...""""""",ser uno mujer hermoso,0
14521291,"""""""RT : Ahora vivo mi vida acostada en la arena. El sol me calienta me pone morena.  Empezando la semana con una actitud positi...""""""",mujer bello,0
14521291,"""""""RT : Ahora vivo mi vida acostada en la arena. El sol me calienta me pone morena.  Empezando la semana con una actitud positi...""""""",tú amar tú querer mucho,0
14521291,"""""""RT : Ahora vivo mi vida acostada en la arena. El sol me calienta me pone morena.  Empezando la semana con una actitud positi...""""""",felicitación digno merecedor gran trabajo realiza,0
14521291,"""""""RT : Ahora vivo mi vida acostada en la arena. El sol me calienta me pone morena.  Empezando la semana con una actitud positi...""""""",di tú mio orgullo felicitación padre desear seguir cosechar exito verdad corazon felicidades,0
14521291,"""""""RT : Ahora vivo mi vida acostada en la arena. El sol me calienta me pone morena.  Empezando la semana con una actitud positi...""""""",encanta poner lazo minnie felicitación ourdahliaminnieday,0
14521291,"""""""RT : Ahora vivo mi vida acostada en la arena. El sol me calienta me pone morena.  Empezando la semana con una actitud positi...""""""",felicitación abrazo enorme fuerza,0
14521291,"""""""RT : Ahora vivo mi vida acostada en la arena. El sol me calienta me pone morena.  Empezando la semana con una actitud positi...""""""",min terminar dia cumpleano querer agradecer él tomar tiempo escribir yo hoy,0
14521291,"""""""RT : Ahora vivo mi vida acostada en la arena. El sol me calienta me pone morena.  Empezando la semana con una actitud positi...""""""",honrado acompanar ceremonia hoy uno palabra felicitación estudiant familia,0
14521291,"""""""RT : Ahora vivo mi vida acostada en la arena. El sol me calienta me pone morena.  Empezando la semana con una actitud positi...""""""",claroooo si amiga camarada tocar exencial femenino ma ufff diviiinooo ver saber ricoo t,0
14521291,"""""""RT : Ahora vivo mi vida acostada en la arena. El sol me calienta me pone morena.  Empezando la semana con una actitud positi...""""""",tierra fuego aeia ir proyectar crecimiento desarrollo nadie quedar afuerafelicitación q,0
14521291,"""""""RT : Ahora vivo mi vida acostada en la arena. El sol me calienta me pone morena.  Empezando la semana con una actitud positi...""""""",marinettir tanto frustrado q pidio ayuda chat noir cartar declarar él adrien final decir t,2
14521291,"""""""RT : Ahora vivo mi vida acostada en la arena. El sol me calienta me pone morena.  Empezando la semana con una actitud positi...""""""",consolar llanto lindo mlbspoilers,2
14521291,"""""""RT : Ahora vivo mi vida acostada en la arena. El sol me calienta me pone morena.  Empezando la semana con una actitud positi...""""""",derritio movimiento hacer chat noir mano labio ayudaaaaaa mlbspoilers mlspoi,2
14521291,"""""""RT : Ahora vivo mi vida acostada en la arena. El sol me calienta me pone morena.  Empezando la semana con una actitud positi...""""""",hermoso adrien agrestar ser mar perfecto amar amar,0
14521291,"""""""RT : Ahora vivo mi vida acostada en la arena. El sol me calienta me pone morena.  Empezando la semana con una actitud positi...""""""",queria abrazar chiquito mlspoilers,0
14521291,"""""""RT : Ahora vivo mi vida acostada en la arena. El sol me calienta me pone morena.  Empezando la semana con una actitud positi...""""""",gente decir dejar melissa programa infiel desvivir mo infiel partido d,2
14521291,"""""""RT : Ahora vivo mi vida acostada en la arena. El sol me calienta me pone morena.  Empezando la semana con una actitud positi...""""""",hoy oramos peru cumplir primero aion impactoesperanza perusilee campo misionero,2
14521291,"""""""RT : Ahora vivo mi vida acostada en la arena. El sol me calienta me pone morena.  Empezando la semana con una actitud positi...""""""",aion orar pais crisis dejo pandemia impactoesperanza perusilee,2
14521291,"""""""RT : Ahora vivo mi vida acostada en la arena. El sol me calienta me pone morena.  Empezando la semana con una actitud positi...""""""",hoy oramos peru cumplir primero aion impactoesperanza perusilee campo misionero apce,2
14521291,"""""""RT : Ahora vivo mi vida acostada en la arena. El sol me calienta me pone morena.  Empezando la semana con una actitud positi...""""""",aion orar pais crisis dejo pandemiar orad par,2
14521291,"""""""RT : Ahora vivo mi vida acostada en la arena. El sol me calienta me pone morena.  Empezando la semana con una actitud positi...""""""",impactoesperanza perusilee parque huiracocha san juan lurigancho apce cumplir primero aion,2
14521291,"""""""RT : Ahora vivo mi vida acostada en la arena. El sol me calienta me pone morena.  Empezando la semana con una actitud positi...""""""",ubicado estrategicamente corazon centro limo plaza san martin venir cumplir primero aion entregar libro esperanza mundo mejor impactoesperanza perusilee apce,2
14521291,"""""""RT : Ahora vivo mi vida acostada en la arena. El sol me calienta me pone morena.  Empezando la semana con una actitud positi...""""""",aion hoy reunirar parques plazar principal ciudad orar pais crisis dejo pandemiar empezar semana impactoesperanza perusilee compartir libro compartir esperanza,2
14521291,"""""""RT : Ahora vivo mi vida acostada en la arena. El sol me calienta me pone morena.  Empezando la semana con una actitud positi...""""""",peru superar muerte covidla cifro confirmar pais nación mayor tasa mortalidad po,2
